Class	Images	Labels	P	R	mAP@.5	mAP@.5:.95
all	37	121	0.4814580364002425	0.4213300465775322	0.4013759860348218	0.2928167553003261
one	37	46	0.9328090605522927	0.6037378552227686	0.683792701863354	0.47929748677248674
three	37	22	0.777929903064888	0.8636363636363636	0.8052835230368411	0.6407655616643717
space_target	37	44	0.9141290422944169	0.7272727272727273	0.7513093209383649	0.5529022981799125
other	37	2	0.0	0.0	0.0	0.0
two	37	3	0.263880212489857	0.3333333333333333	0.1678703703703704	0.0839351851851852
six	37	4	0.0	0.0	0.0	0.0
